{
  "version": 1,
  "author": "Gautam Ahuja",
  "editor": "wokwi",
  "parts": [
    { "type": "wokwi-arduino-uno", "id": "uno", "top": 39, "left": 18.6, "attrs": {} },
    { "type": "wokwi-microsd-card", "id": "sd1", "top": 57.15, "left": -105.02, "attrs": {} },
    {
      "type": "wokwi-pushbutton",
      "id": "btn1",
      "top": -13,
      "left": 355.2,
      "attrs": { "color": "green" }
    },
    {
      "type": "wokwi-pushbutton",
      "id": "btn2",
      "top": 140.6,
      "left": 374.4,
      "attrs": { "color": "green" }
    },
    { "type": "wokwi-slide-switch", "id": "sw1", "top": -91.6, "left": 185.5, "attrs": {} }
  ],
  "connections": [
    [ "sd1:GND", "uno:GND.1", "black", [ "h43.39", "v-91.45", "h118.97" ] ],
    [ "sd1:SCK", "uno:13", "orange", [ "h37.1", "v-108.16", "h130.17" ] ],
    [ "sd1:CS", "uno:10", "blue", [ "h15.4", "v-163.49", "h174.25" ] ],
    [ "sd1:DI", "uno:11", "cyan", [ "h21.01", "v-144.21", "h160.41" ] ],
    [ "sd1:DO", "uno:12", "green", [ "h29.24", "v-95.33", "h142.93" ] ],
    [ "sd1:VCC", "uno:5V", "red", [ "h46.72", "v110.35", "h161.44" ] ],
    [ "btn1:2.r", "uno:GND.1", "black", [ "h19.4", "v-76.6", "h-297.6" ] ],
    [ "btn2:1.l", "uno:3", "green", [ "h-48", "v-134.4", "h-67.2" ] ],
    [ "btn2:2.r", "uno:GND.2", "black", [ "h38.6", "v105.8", "h-288" ] ],
    [ "btn1:1.l", "uno:2", "green", [ "h0" ] ],
    [ "sw1:1", "uno:4", "blue", [ "v48", "h307.2" ] ],
    [ "sw1:2", "uno:GND.1", "black", [ "v9.6", "h-67.1" ] ],
    [ "sw1:3", "uno:5", "violet", [ "v76.8", "h19.4" ] ]
  ],
  "dependencies": {}
}