{
  "version": 1,
  "author": "Shashwat Shukla",
  "editor": "wokwi",
  "parts": [
    { "type": "wokwi-arduino-uno", "id": "uno", "top": 48.6, "left": 76.2, "attrs": {} },
    { "type": "wokwi-microsd-card", "id": "sd1", "top": 0.23, "left": -38.33, "attrs": {} }
  ],
  "connections": [
    [ "sd1:DO", "uno:12", "green", [ "h0" ] ],
    [ "sd1:GND", "uno:GND.1", "black", [ "h0" ] ],
    [ "sd1:SCK", "uno:13", "blue", [ "h0" ] ],
    [ "sd1:VCC", "uno:5V", "red", [ "h28.8", "v192.14" ] ],
    [ "sd1:DI", "uno:11", "violet", [ "h48", "v-67.29", "h124.8" ] ],
    [ "sd1:CS", "uno:10", "orange", [ "h19.2", "v-95.94", "h172.8", "v-9.6" ] ]
  ],
  "dependencies": {}
}